Product_EAN,Product_Name,Category,Cost_Price,Selling_Price,Shelf_Life_Days
32054130921,La Boulangère Baguette Complet,Bakery,2.37,3.35,19
39152663033,L'Oréal Gel Douche Lot x2,Hygiene,4.59,7.59,416
34011099499,Yoplait Lait Demi-Ecrémé x4,Dairy,2.61,3.44,23
38517795604,Nivea Shampoing Bio,Hygiene,5.86,8.02,437
31162482685,Colgate Shampoing Bio,Hygiene,4.67,6.08,454
38741020553,Priméale Carottes 1kg,Fresh Produce,0.99,1.18,9
35501076325,Pasquier Baguette x10,Bakery,2.27,2.92,12
33596128295,Volvic Eau Minérale 1.5L,Beverages,0.45,0.65,204
37006309476,La Boulangère Pain de Mie Complet,Bakery,1.58,1.9,13
35607063393,Barilla Sauce Tomate 500g,Grocery (Dry),3.91,4.75,692
35435901815,Boulangerie Loc. Pains au Chocolat x6,Bakery,1.92,2.61,21
35631372635,Président Crème Fraîche x8,Dairy,1.31,1.79,30
34285879451,Carrefour Bio Crème Fraîche 250g,Dairy,3.45,4.21,23
35350562057,Nivea Savon Liquide 400ml,Hygiene,6.06,8.96,638
34452330498,Evian Thé Glacé 1.5L,Beverages,4.33,5.11,262
33283756396,Carrefour Bio Crème Fraîche 250g,Dairy,1.96,3.07,20
35654032531,Origine Espagne Pommes 500g,Fresh Produce,1.78,2.11,10
38898511155,L'Oréal Déodorant Bio,Hygiene,3.62,5.04,507
35691959659,Le Petit Marseillais Savon Liquide Lot x2,Hygiene,2.52,3.32,429
31544118183,Carrefour Bio Pommes 1kg,Fresh Produce,1.0,1.55,4
32773610380,Priméale Carottes Sachet,Fresh Produce,3.72,4.58,4
39832404367,Colgate Savon Liquide Bio,Hygiene,3.0,4.32,572
34932168341,Lustucru Haricots Verts Tube,Grocery (Dry),2.53,3.3,333
37508260239,Lustucru Mayonnaise 1kg,Grocery (Dry),4.8,5.98,591
36991441025,Colgate Dentifrice Bio,Hygiene,3.14,4.09,371
34827331558,Maille Pâtes 1kg,Grocery (Dry),1.88,2.93,464
32508609860,Danone Crème Fraîche 250g,Dairy,2.21,3.33,38
32391783229,Colgate Savon Liquide Lot x2,Hygiene,4.51,6.55,476
36505826161,Nivea Gel Douche 400ml,Hygiene,6.64,8.8,572
35258923440,Tropicana Soda 1.5L,Beverages,0.65,0.77,98
35100149363,Colgate Déodorant Lot x2,Hygiene,5.17,6.7,423
35657440275,Carrefour Bio Tomates 1kg,Fresh Produce,3.65,4.7,10
37582874363,Maille Mayonnaise Tube,Grocery (Dry),1.37,1.89,431
38398540354,Elle & Vire Crème Fraîche x8,Dairy,1.39,1.69,21
37021592770,Volvic Eau Minérale Pack 6x33cl,Beverages,2.25,3.44,202
36615633201,Pasquier Brioche Tranchée Complet,Bakery,0.9,1.43,17
38080475630,La Boulangère Pain de Mie 500g,Bakery,2.44,3.21,15
33138310847,Origine France Courgettes Vrac,Fresh Produce,2.81,3.4,4
37424317166,Panzani Riz Basmati 500g,Grocery (Dry),3.39,5.6,438
31442803778,Amora Mayonnaise Bocal,Grocery (Dry),4.63,5.88,188
38684567301,Bonduelle Moutarde Tube,Grocery (Dry),1.7,2.59,251
39008930794,Nivea Shampoing 400ml,Hygiene,6.76,8.59,667
31601204643,Pasquier Croissants Complet,Bakery,1.29,1.61,19
38020087716,Signal Savon Liquide Lot x2,Hygiene,6.35,7.95,660
36112366539,Le Petit Marseillais Gel Douche Lot x2,Hygiene,1.97,2.65,682
36071655820,Nivea Shampoing Lot x2,Hygiene,7.34,8.88,534
37181334783,La Boulangère Pain de Mie x10,Bakery,2.07,2.85,14
31303192976,Maille Riz Basmati Bocal,Grocery (Dry),0.92,1.26,673
32110788546,L'Oréal Déodorant Lot x2,Hygiene,6.2,9.26,656
37550183513,Coca Cola Bière Blonde Pack 6x33cl,Beverages,5.45,7.96,250
39262059559,Signal Savon Liquide Bio,Hygiene,5.94,7.82,519
38953709578,Nutella Sauce Tomate Tube,Grocery (Dry),3.79,5.93,462
36806318444,Yoplait Beurre Doux x8,Dairy,1.5,2.4,30
31622374270,Heineken Jus d'Orange Canette 33cl,Beverages,1.99,2.93,356
38078683065,Origine Espagne Tomates Sachet,Fresh Produce,3.05,4.23,8
33102103048,Coca Cola Jus d'Orange 1L,Beverages,0.65,1.04,340
36230952734,Tropicana Soda Pack 6x33cl,Beverages,2.43,3.42,314
39160699288,Origine France Tomates Sachet,Fresh Produce,3.55,4.65,8
31958066082,Cristaline Thé Glacé 1L,Beverages,1.47,1.96,102
34267983448,Boulangerie Loc. Brioche Tranchée x6,Bakery,2.13,3.02,15
38847339223,Barilla Haricots Verts 1kg,Grocery (Dry),3.91,5.95,601
39381867174,Maille Mayonnaise Bocal,Grocery (Dry),3.68,4.61,217
39548833643,Boulangerie Loc. Brioche Tranchée x6,Bakery,1.86,2.39,17
37263590212,L'Oréal Dentifrice Lot x2,Hygiene,6.33,7.63,439
35738171801,Dove Savon Liquide Lot x2,Hygiene,2.66,3.49,391
33756903682,Tropicana Eau Minérale Pack 6x33cl,Beverages,2.87,3.92,123
31060382707,L'Oréal Savon Liquide 250ml,Hygiene,4.52,7.48,484
35805428235,Elle & Vire Lait Demi-Ecrémé 500g,Dairy,1.78,2.9,36
37874442697,Président Fromage Blanc 500g,Dairy,1.23,1.79,21
35104059513,Barilla Pâtes 1kg,Grocery (Dry),3.11,3.7,534
33544140865,Dove Dentifrice 400ml,Hygiene,4.42,5.54,583
36434255808,Volvic Bière Blonde Pack 6x33cl,Beverages,5.89,7.05,140
33535791174,Elle & Vire Crème Fraîche x4,Dairy,1.52,2.44,22
34133700441,Lustucru Moutarde 1kg,Grocery (Dry),4.57,5.55,335
37949840827,Colgate Shampoing Lot x2,Hygiene,5.68,7.54,590
34193870705,Origine France Bananes Vrac,Fresh Produce,1.27,1.68,9
31963633350,Harrys Brioche Tranchée 500g,Bakery,1.6,2.14,16
33876325915,Boulangerie Loc. Brioche Tranchée Complet,Bakery,1.77,2.21,14
38795398281,Tropicana Jus d'Orange Pack 6x33cl,Beverages,0.89,1.27,241
31367891353,Origine Espagne Tomates 500g,Fresh Produce,2.38,2.96,6
36349200413,Priméale Carottes 500g,Fresh Produce,3.16,4.17,10
36122423284,Cristaline Soda 1.5L,Beverages,2.59,3.36,130
39221942512,Origine France Courgettes Sachet,Fresh Produce,1.83,2.54,8
31388602067,Carrefour Bio Mozzarella 1L,Dairy,1.54,1.89,26
31031617834,La Boulangère Pain de Mie Nature,Bakery,1.07,1.38,10
35439639777,La Boulangère Baguette Complet,Bakery,1.25,1.98,9
32331627739,Panzani Riz Basmati Tube,Grocery (Dry),1.1,1.72,584
32969116707,Harrys Pains au Chocolat x10,Bakery,2.39,3.52,19
33524180650,Danone Yaourt Nature 500g,Dairy,3.16,3.8,34
33495896380,Origine Espagne Bananes 500g,Fresh Produce,2.25,3.57,6
35740348248,Harrys Pain de Mie x10,Bakery,1.93,2.73,13
39052705187,Pasquier Baguette 500g,Bakery,1.82,2.43,13
39087383512,Heineken Jus d'Orange Pack 6x33cl,Beverages,4.53,5.56,190
33122857919,Cristaline Bière Blonde 1.5L,Beverages,3.95,4.73,339
32243029614,Origine France Salade 500g,Fresh Produce,1.73,2.4,7
35329510357,Carrefour Bio Carottes Vrac,Fresh Produce,1.46,2.3,5
37177063731,La Boulangère Pain de Mie Complet,Bakery,2.35,3.67,17
34978309897,Origine Espagne Carottes 500g,Fresh Produce,1.3,1.77,10
32869152070,Dove Gel Douche 250ml,Hygiene,5.29,7.78,631
31329460694,Pasquier Pains au Chocolat 500g,Bakery,1.31,1.8,10
38769567856,La Boulangère Baguette Nature,Bakery,2.81,3.55,11
36092104053,Dove Déodorant Bio,Hygiene,2.36,3.77,546
35637696271,La Boulangère Croissants Nature,Bakery,2.78,3.65,17
36760109368,La Boulangère Pain de Mie Nature,Bakery,2.38,2.87,21
39843351936,Tropicana Jus d'Orange Pack 6x33cl,Beverages,0.65,0.98,333
32096843254,Signal Gel Douche Lot x2,Hygiene,7.79,9.8,642
34854879401,Danone Fromage Blanc x4,Dairy,2.44,3.37,40
33442058362,L'Oréal Gel Douche Bio,Hygiene,3.79,4.71,548
38476548375,Yoplait Yaourt Nature 250g,Dairy,1.38,1.92,28
35516572041,La Boulangère Baguette Nature,Bakery,1.05,1.24,16
37341880124,L'Oréal Dentifrice 400ml,Hygiene,3.15,4.51,688
38800236172,Carrefour Bio Mozzarella x4,Dairy,2.61,3.83,35
32941877250,Elle & Vire Fromage Blanc x4,Dairy,2.89,3.46,24
34757734320,Boulangerie Loc. Pains au Chocolat Complet,Bakery,1.32,1.92,11
32741108066,Priméale Courgettes 500g,Fresh Produce,1.16,1.37,6
35870954673,La Boulangère Brioche Tranchée x10,Bakery,1.5,2.12,11
34411527045,Dove Gel Douche Bio,Hygiene,2.67,3.53,457
36417767080,Origine France Courgettes Vrac,Fresh Produce,0.95,1.49,9
33620272253,Président Fromage Blanc 1L,Dairy,1.29,1.76,23
38886691421,Nivea Dentifrice Lot x2,Hygiene,5.09,6.04,608
33510102708,Priméale Courgettes 1kg,Fresh Produce,1.27,1.91,7
38231689292,Volvic Thé Glacé Canette 33cl,Beverages,1.55,2.49,326
35863119442,Le Petit Marseillais Shampoing 400ml,Hygiene,6.19,8.6,681
35861921444,Boulangerie Loc. Brioche Tranchée Complet,Bakery,1.04,1.32,19
36292273786,Nivea Gel Douche 250ml,Hygiene,3.27,3.91,638
35155937453,Oasis Jus d'Orange Pack 6x33cl,Beverages,1.03,1.61,123
35381735364,Origine Espagne Bananes 1kg,Fresh Produce,2.49,3.75,4
32463769334,Heineken Thé Glacé 1L,Beverages,3.05,4.35,260
31348340675,Origine France Courgettes Vrac,Fresh Produce,1.08,1.76,4
31413616687,Carrefour Bio Lait Demi-Ecrémé 1L,Dairy,2.68,3.38,20
32064021357,Oasis Jus d'Orange 1.5L,Beverages,1.77,2.63,140
38004153625,Le Petit Marseillais Shampoing Bio,Hygiene,2.8,4.28,472
34524620209,Galbani Mozzarella x4,Dairy,1.38,1.84,30
37497827117,Cristaline Eau Minérale 1.5L,Beverages,0.69,1.0,182
32857887394,Priméale Tomates Sachet,Fresh Produce,3.37,4.13,5
32424754730,L'Oréal Savon Liquide Lot x2,Hygiene,5.83,8.64,660
36012005258,Origine France Tomates 500g,Fresh Produce,1.29,1.61,5
39375046098,Oasis Bière Blonde Pack 6x33cl,Beverages,6.48,7.66,297
31305660877,Origine France Tomates 500g,Fresh Produce,3.01,4.83,6
37948236113,Evian Soda Canette 33cl,Beverages,0.71,1.06,200
37714651650,Origine France Tomates Vrac,Fresh Produce,2.39,3.34,7
36303633612,Carrefour Bio Carottes Vrac,Fresh Produce,1.86,2.62,4
34309939935,Pasquier Baguette 500g,Bakery,0.96,1.58,7
39727491896,Tropicana Soda 1L,Beverages,6.09,7.65,339
38290883573,Amora Riz Basmati Bocal,Grocery (Dry),2.47,3.28,531
31976884178,Harrys Pain de Mie Nature,Bakery,0.81,1.32,8
38145615113,Harrys Pain de Mie Complet,Bakery,2.26,3.29,18
33186530638,Galbani Mozzarella x8,Dairy,2.02,2.83,37
36700048580,Dove Savon Liquide 400ml,Hygiene,3.55,4.43,466
33384524955,Origine Espagne Bananes Vrac,Fresh Produce,3.32,4.33,6
36473369981,Danone Mozzarella 1L,Dairy,2.46,3.74,22
34989033428,Yoplait Crème Fraîche 500g,Dairy,1.44,2.06,21
39080168818,Galbani Crème Fraîche x8,Dairy,1.19,1.66,34
37086887645,Priméale Tomates 1kg,Fresh Produce,2.22,2.9,5
37007862537,Origine France Carottes Sachet,Fresh Produce,0.87,1.39,9
31217677892,Nutella Moutarde 1kg,Grocery (Dry),2.33,2.86,221
36760326753,Origine Espagne Pommes Vrac,Fresh Produce,1.48,1.89,5
39004339064,Priméale Tomates Sachet,Fresh Produce,1.49,1.85,8
31995287718,Pasquier Croissants x10,Bakery,1.64,2.71,17
38622518434,L'Oréal Dentifrice Lot x2,Hygiene,4.11,5.51,597
34519326019,Nivea Déodorant 250ml,Hygiene,3.15,4.75,612
31766009855,Nivea Dentifrice Bio,Hygiene,4.56,7.03,689
35146049403,Dove Déodorant Bio,Hygiene,5.43,6.84,646
36378322019,Evian Bière Blonde 1L,Beverages,0.76,1.12,297
36914217765,Elle & Vire Lait Demi-Ecrémé 250g,Dairy,2.77,4.2,21
37265210865,Priméale Tomates Sachet,Fresh Produce,1.58,2.41,10
31473493543,Nivea Gel Douche Bio,Hygiene,2.11,2.83,580
34362058688,Bonduelle Sauce Tomate 1kg,Grocery (Dry),0.86,1.35,579
38438550992,Colgate Shampoing Lot x2,Hygiene,2.42,3.74,368
33290515782,Signal Dentifrice Bio,Hygiene,6.1,7.45,655
36004118941,Carrefour Bio Tomates Vrac,Fresh Produce,3.3,4.26,4
39769677648,Tropicana Bière Blonde Canette 33cl,Beverages,1.84,2.83,117
39798979014,Amora Haricots Verts 1kg,Grocery (Dry),2.75,3.81,644
36822968879,Le Petit Marseillais Gel Douche 400ml,Hygiene,3.8,5.06,399
35782835311,L'Oréal Dentifrice 250ml,Hygiene,1.89,2.93,417
34660844624,Pasquier Pains au Chocolat Complet,Bakery,1.23,1.61,21
33926817704,La Boulangère Pain de Mie Nature,Bakery,2.48,3.44,17
36835516046,Priméale Carottes 500g,Fresh Produce,1.47,2.25,9
38928267771,Amora Moutarde 500g,Grocery (Dry),4.2,5.8,587
38234795411,Bonduelle Riz Basmati 500g,Grocery (Dry),0.8,1.25,578
34022398294,Origine France Courgettes Vrac,Fresh Produce,1.64,1.98,4
39961500577,L'Oréal Savon Liquide 250ml,Hygiene,2.74,4.21,384
35099050976,Coca Cola Thé Glacé Pack 6x33cl,Beverages,4.62,6.62,326
32326554850,Coca Cola Eau Minérale 1L,Beverages,2.38,3.88,296
32337419656,Evian Jus d'Orange 1L,Beverages,2.4,3.66,227
36080084843,Danone Beurre Doux x8,Dairy,2.81,4.15,39
32773785009,Volvic Thé Glacé Canette 33cl,Beverages,4.56,5.47,204
33257969137,Pasquier Pains au Chocolat x6,Bakery,1.4,1.99,9
32341439708,Cristaline Soda 1L,Beverages,2.84,4.45,314
39422644435,Volvic Bière Blonde 1L,Beverages,0.99,1.22,295
35597187111,Dove Déodorant Lot x2,Hygiene,6.01,7.13,661
33241461487,Boulangerie Loc. Pain de Mie x10,Bakery,2.59,3.36,8
39781714639,Origine Espagne Bananes 500g,Fresh Produce,3.91,4.98,5
34528139524,Danone Crème Fraîche 1L,Dairy,2.07,3.25,37
31388604240,Colgate Gel Douche 250ml,Hygiene,4.36,7.22,515
32047581605,Barilla Moutarde 1kg,Grocery (Dry),4.0,5.67,621
35804715098,Le Petit Marseillais Déodorant Lot x2,Hygiene,5.63,7.11,603
38452899947,Carrefour Bio Yaourt Nature 250g,Dairy,2.53,3.07,36
37177866205,Barilla Riz Basmati 500g,Grocery (Dry),2.14,3.31,251
34792784069,Elle & Vire Crème Fraîche x8,Dairy,2.07,3.2,22
33788850299,Colgate Savon Liquide 250ml,Hygiene,3.83,5.62,391
37853181276,Yoplait Beurre Doux 250g,Dairy,2.35,3.37,32
31729261985,Boulangerie Loc. Brioche Tranchée x10,Bakery,1.51,2.19,15
32271134947,Origine France Bananes 1kg,Fresh Produce,3.8,4.7,6
32832204802,Maille Pâtes Bocal,Grocery (Dry),0.92,1.18,387
36110128233,Evian Bière Blonde Canette 33cl,Beverages,1.37,1.65,205
36589036315,Barilla Riz Basmati 500g,Grocery (Dry),3.49,5.64,693
35540466839,Yoplait Beurre Doux 1L,Dairy,2.94,3.99,29
33762378716,Harrys Croissants 500g,Bakery,2.25,3.34,12
38708048323,Barilla Haricots Verts 500g,Grocery (Dry),4.46,5.41,229
34371503943,Pasquier Pains au Chocolat Nature,Bakery,1.37,1.89,21
34830962007,Oasis Eau Minérale Canette 33cl,Beverages,2.76,4.14,345
37241624287,Origine Espagne Salade Sachet,Fresh Produce,2.01,2.65,10
31769581323,Origine France Tomates 1kg,Fresh Produce,1.7,2.1,6
35187588879,Lustucru Pâtes 500g,Grocery (Dry),2.08,2.92,626
36161871191,Cristaline Jus d'Orange Canette 33cl,Beverages,3.79,6.08,288
37450140191,Galbani Mozzarella x4,Dairy,1.23,1.9,24
37790446042,Carrefour Bio Crème Fraîche x4,Dairy,2.52,3.72,36
36696006168,Origine France Pommes 500g,Fresh Produce,3.86,4.87,10
34908614869,Origine France Bananes Vrac,Fresh Produce,2.66,4.35,9
39017325417,Danone Yaourt Nature 500g,Dairy,2.42,3.86,35
31999968098,Boulangerie Loc. Baguette Complet,Bakery,1.95,2.79,18
31842183810,Signal Déodorant 250ml,Hygiene,4.54,5.8,531
31701252797,Le Petit Marseillais Gel Douche 250ml,Hygiene,7.31,9.74,490
38264431380,Coca Cola Eau Minérale 1L,Beverages,4.91,6.56,186
39189120967,Dove Dentifrice Lot x2,Hygiene,2.34,3.3,490
35987612832,Elle & Vire Crème Fraîche 250g,Dairy,3.11,4.05,24
38576957385,Tropicana Soda 1L,Beverages,2.58,3.04,237
35170594822,Oasis Bière Blonde Canette 33cl,Beverages,1.74,2.5,154
38862757908,Barilla Moutarde 500g,Grocery (Dry),0.9,1.11,362
39230769964,Colgate Dentifrice 250ml,Hygiene,8.34,9.9,366
32419630311,Tropicana Soda 1L,Beverages,4.49,6.51,349
39648278703,Président Lait Demi-Ecrémé x4,Dairy,2.83,3.55,26
36201124893,Pasquier Croissants 500g,Bakery,1.05,1.6,15
37909078695,Elle & Vire Lait Demi-Ecrémé 1L,Dairy,1.32,1.8,28
37016742857,Tropicana Jus d'Orange 1.5L,Beverages,3.26,5.43,346
32480737797,Volvic Eau Minérale 1L,Beverages,1.95,3.15,183
31906074415,Origine France Salade 500g,Fresh Produce,1.61,2.29,9
32012637603,Boulangerie Loc. Croissants Complet,Bakery,1.75,2.1,18
32512593640,Origine France Tomates Sachet,Fresh Produce,1.87,2.8,6
35312896102,Bonduelle Pâtes Tube,Grocery (Dry),2.27,3.74,627
32932670539,L'Oréal Déodorant Bio,Hygiene,3.37,3.98,385
39661226430,Pasquier Croissants Complet,Bakery,2.71,3.62,18
32180152312,Carrefour Bio Pommes 1kg,Fresh Produce,1.58,2.57,5
35518507391,Carrefour Bio Mozzarella 250g,Dairy,2.9,4.38,23
37468741429,Oasis Soda 1.5L,Beverages,2.03,2.98,244
38345722340,Panzani Haricots Verts Bocal,Grocery (Dry),3.62,4.42,444
36983276442,Pasquier Baguette x10,Bakery,2.09,2.82,7
33142309857,Elle & Vire Fromage Blanc 250g,Dairy,1.64,2.27,35
31465545262,Président Mozzarella 500g,Dairy,1.02,1.58,26
36245858278,Origine Espagne Courgettes 1kg,Fresh Produce,3.15,3.84,10
36509731862,Amora Sauce Tomate 1kg,Grocery (Dry),1.68,2.22,308
31703869319,Priméale Pommes Vrac,Fresh Produce,2.28,3.26,6
33908627960,Boulangerie Loc. Baguette Nature,Bakery,1.97,3.04,17
37103597186,Carrefour Bio Pommes Sachet,Fresh Produce,2.59,4.11,10
36811794559,Origine Espagne Pommes 500g,Fresh Produce,1.05,1.65,6
36940587890,Carrefour Bio Lait Demi-Ecrémé 500g,Dairy,2.19,3.02,37
37879036459,Lustucru Pâtes 500g,Grocery (Dry),1.43,1.86,460
36415504471,Origine France Pommes 1kg,Fresh Produce,3.33,4.92,4
35580252924,Elle & Vire Yaourt Nature 250g,Dairy,1.2,1.88,20
37860955759,Panzani Pâtes Bocal,Grocery (Dry),3.17,4.82,688
35709140812,L'Oréal Déodorant Bio,Hygiene,2.56,3.31,621
38756683532,Pasquier Pain de Mie 500g,Bakery,1.94,2.98,10
39217239484,Carrefour Bio Courgettes Sachet,Fresh Produce,2.66,3.62,8
36238458415,Barilla Mayonnaise 1kg,Grocery (Dry),1.3,1.99,480
36097901750,Maille Mayonnaise 500g,Grocery (Dry),1.62,2.25,257
39619260142,Le Petit Marseillais Dentifrice 400ml,Hygiene,4.03,5.21,518
39621886607,Volvic Soda Canette 33cl,Beverages,5.94,7.28,115
34403680634,Yoplait Lait Demi-Ecrémé 250g,Dairy,1.74,2.52,28
33701112793,Cristaline Soda Canette 33cl,Beverages,2.93,3.54,121
34929308290,Priméale Courgettes Vrac,Fresh Produce,2.19,2.63,4
31670495714,Priméale Tomates Sachet,Fresh Produce,1.85,2.58,7
38865275038,Boulangerie Loc. Brioche Tranchée 500g,Bakery,1.18,1.96,10
34209102886,Boulangerie Loc. Brioche Tranchée Nature,Bakery,1.86,3.01,7
31469742821,Lustucru Mayonnaise 500g,Grocery (Dry),2.43,3.32,183
32881698243,Cristaline Eau Minérale 1L,Beverages,4.97,7.92,318
35544562756,Coca Cola Soda Pack 6x33cl,Beverages,2.06,3.08,180
31243096245,Barilla Haricots Verts 1kg,Grocery (Dry),3.07,3.7,478
33682543176,La Boulangère Pains au Chocolat Complet,Bakery,1.51,2.27,15
32569313569,Galbani Lait Demi-Ecrémé x4,Dairy,1.58,2.48,29
32474719000,Harrys Brioche Tranchée 500g,Bakery,2.36,3.16,7
38185646678,Signal Déodorant 400ml,Hygiene,2.51,3.67,511
39530224970,Cristaline Bière Blonde 1L,Beverages,5.56,7.8,166
37128743207,Origine France Pommes 1kg,Fresh Produce,2.69,4.44,6
36217282336,Bonduelle Riz Basmati 1kg,Grocery (Dry),4.07,5.52,239
33848734190,Amora Pâtes Tube,Grocery (Dry),1.82,2.82,242
36958989507,Maille Riz Basmati 1kg,Grocery (Dry),2.97,4.5,192
36866689673,Signal Déodorant 400ml,Hygiene,6.22,9.05,617
36623274498,Galbani Yaourt Nature 250g,Dairy,1.69,2.64,36
38430919006,Panzani Riz Basmati Tube,Grocery (Dry),2.12,2.83,309
31924723425,Colgate Savon Liquide 250ml,Hygiene,4.38,6.81,386
38754140851,Evian Soda 1.5L,Beverages,3.63,5.94,101
31189859348,Pasquier Croissants x6,Bakery,1.86,3.09,12
37869333328,Signal Dentifrice Lot x2,Hygiene,4.72,6.38,559
31282196690,La Boulangère Brioche Tranchée 500g,Bakery,2.97,3.65,17
35926031463,Amora Mayonnaise 1kg,Grocery (Dry),1.28,1.66,583
35989274463,Dove Gel Douche 400ml,Hygiene,3.06,4.32,547
38949226896,Heineken Bière Blonde 1L,Beverages,5.66,7.45,144
38637500805,Priméale Salade 1kg,Fresh Produce,0.76,1.1,10
31430613137,L'Oréal Savon Liquide 250ml,Hygiene,8.16,9.89,384
38636527014,Lustucru Haricots Verts Tube,Grocery (Dry),0.59,0.93,403
34412525113,Dove Déodorant 250ml,Hygiene,2.73,3.52,517
35981114390,Amora Mayonnaise 500g,Grocery (Dry),1.9,2.29,237
36948503442,Danone Beurre Doux 1L,Dairy,2.85,4.43,22
39401067751,Origine Espagne Tomates 500g,Fresh Produce,2.54,3.07,10
32037866392,Dove Dentifrice Lot x2,Hygiene,7.18,8.7,666
32545982062,Origine France Bananes 1kg,Fresh Produce,2.33,3.49,4
33129232113,Carrefour Bio Salade 1kg,Fresh Produce,2.0,2.53,5
34920690674,L'Oréal Déodorant Lot x2,Hygiene,4.16,5.93,685
37086542605,Signal Savon Liquide 400ml,Hygiene,5.1,7.93,514
38013059046,Amora Riz Basmati Bocal,Grocery (Dry),1.84,2.2,363
33342585791,Origine Espagne Salade 1kg,Fresh Produce,2.83,3.39,4
33845959382,Le Petit Marseillais Dentifrice Lot x2,Hygiene,6.27,7.95,431
35397587817,Yoplait Lait Demi-Ecrémé 250g,Dairy,2.25,3.65,27
31908758588,Nutella Moutarde 500g,Grocery (Dry),2.9,4.1,361
39817383852,Pasquier Pain de Mie x10,Bakery,2.5,3.05,20
38385804858,Colgate Savon Liquide Lot x2,Hygiene,7.16,8.73,408
35137048699,La Boulangère Croissants Nature,Bakery,2.17,3.15,18
31191704128,Origine Espagne Bananes Vrac,Fresh Produce,1.41,1.67,7
34150745742,Volvic Thé Glacé 1.5L,Beverages,4.94,6.38,106
34645697008,Tropicana Soda Canette 33cl,Beverages,4.7,5.71,128
37397106609,Origine Espagne Salade 500g,Fresh Produce,1.56,1.98,9
35708497851,Boulangerie Loc. Baguette Nature,Bakery,1.26,1.94,7
31558528202,Origine Espagne Carottes Vrac,Fresh Produce,1.4,2.19,10
35502652808,Panzani Haricots Verts Bocal,Grocery (Dry),0.84,1.15,247
32550063513,Yoplait Yaourt Nature 1L,Dairy,2.94,4.47,20
39825019371,Nivea Savon Liquide 400ml,Hygiene,6.64,9.3,590
36202727839,Colgate Savon Liquide Lot x2,Hygiene,3.48,5.65,608
38429162897,Carrefour Bio Carottes 500g,Fresh Produce,3.72,4.67,8
31679748175,Bonduelle Riz Basmati 500g,Grocery (Dry),1.04,1.63,663
36338992958,Origine France Bananes Sachet,Fresh Produce,2.02,3.12,4
39014022014,Dove Dentifrice Bio,Hygiene,3.07,4.6,522
36625215543,Barilla Pâtes 1kg,Grocery (Dry),2.33,3.26,378
32326799182,Evian Jus d'Orange Canette 33cl,Beverages,1.6,2.47,101
31273042950,Volvic Thé Glacé Canette 33cl,Beverages,3.76,5.01,259
34815938708,Barilla Riz Basmati 500g,Grocery (Dry),2.51,3.9,209
34365798696,Origine France Carottes Sachet,Fresh Produce,3.12,4.16,10
32761795089,Origine France Tomates Vrac,Fresh Produce,2.43,3.23,9
33679759634,Heineken Soda 1L,Beverages,2.63,3.14,276
38181252841,Volvic Jus d'Orange Pack 6x33cl,Beverages,4.26,6.86,157
39372467979,Origine Espagne Carottes Vrac,Fresh Produce,2.13,3.28,9
35257617625,Panzani Pâtes 500g,Grocery (Dry),3.11,4.71,567
35924105208,Carrefour Bio Fromage Blanc 250g,Dairy,3.25,4.45,24
39158117811,Colgate Savon Liquide 250ml,Hygiene,4.69,7.62,417
39853324327,La Boulangère Baguette x6,Bakery,0.85,1.32,7
33223759294,Carrefour Bio Carottes 1kg,Fresh Produce,2.24,3.3,10
39625835243,Oasis Eau Minérale Pack 6x33cl,Beverages,1.72,2.23,355
39687084645,Amora Sauce Tomate Tube,Grocery (Dry),2.4,2.85,205
38886611602,Priméale Pommes Vrac,Fresh Produce,1.51,2.07,7
38290721923,Carrefour Bio Yaourt Nature 250g,Dairy,3.45,4.35,22
38720089696,Galbani Yaourt Nature 500g,Dairy,1.57,2.1,22
36927327212,Panzani Haricots Verts 500g,Grocery (Dry),3.24,4.39,564
33289049973,Cristaline Thé Glacé Canette 33cl,Beverages,2.8,3.86,231
33023763729,Tropicana Eau Minérale Pack 6x33cl,Beverages,4.7,5.65,192
37702446919,Cristaline Jus d'Orange Canette 33cl,Beverages,1.97,3.25,327
34265796228,Signal Shampoing 250ml,Hygiene,4.55,6.71,591
31799546536,Danone Beurre Doux x4,Dairy,2.94,3.77,39
38030342780,Barilla Mayonnaise Bocal,Grocery (Dry),0.93,1.16,601
32705569110,Origine France Carottes 500g,Fresh Produce,1.22,1.79,5
31526728370,La Boulangère Croissants Nature,Bakery,0.97,1.24,9
33784342286,Barilla Haricots Verts Bocal,Grocery (Dry),1.17,1.52,479
38308791119,Maille Moutarde Tube,Grocery (Dry),2.32,3.2,450
33690695429,Carrefour Bio Pommes 500g,Fresh Produce,1.52,2.42,5
37479065536,Maille Pâtes 500g,Grocery (Dry),4.11,5.85,191
32097341849,Pasquier Baguette x10,Bakery,1.97,2.36,17
35955832305,Colgate Gel Douche Bio,Hygiene,3.73,6.15,692
35665006523,Galbani Lait Demi-Ecrémé 1L,Dairy,2.08,2.5,21
39626228488,Dove Déodorant Lot x2,Hygiene,3.25,4.31,506
35419799260,Origine Espagne Pommes 500g,Fresh Produce,1.56,2.47,7
37570684353,Origine France Salade 500g,Fresh Produce,3.47,4.85,6
31416509491,Origine Espagne Bananes 1kg,Fresh Produce,3.06,4.65,5
35263308276,La Boulangère Croissants 500g,Bakery,1.87,2.98,21
36845670474,Boulangerie Loc. Pains au Chocolat x10,Bakery,2.8,3.32,11
39923329298,Le Petit Marseillais Gel Douche Bio,Hygiene,5.24,7.89,590
35391754402,Nutella Moutarde 500g,Grocery (Dry),3.32,4.89,596
34289718375,Oasis Thé Glacé 1.5L,Beverages,4.23,6.27,347
34563520421,Cristaline Jus d'Orange Canette 33cl,Beverages,2.64,4.22,188
34435610143,Harrys Baguette x10,Bakery,1.97,2.81,13
38707594619,Oasis Eau Minérale 1L,Beverages,3.53,5.76,144
31401748259,Colgate Savon Liquide Bio,Hygiene,6.1,8.82,685
39072671758,Cristaline Eau Minérale Canette 33cl,Beverages,3.07,4.16,185
39179119979,Origine Espagne Courgettes 1kg,Fresh Produce,2.29,3.29,4
35899722671,Carrefour Bio Yaourt Nature x8,Dairy,1.57,2.57,34
32451723340,Nutella Moutarde 500g,Grocery (Dry),2.68,4.37,195
38913192047,Lustucru Riz Basmati 1kg,Grocery (Dry),2.15,3.24,617
31072475072,Galbani Lait Demi-Ecrémé x4,Dairy,2.54,3.07,24
38449472177,Cristaline Soda Pack 6x33cl,Beverages,2.73,3.91,301
35756705304,Boulangerie Loc. Croissants 500g,Bakery,0.92,1.52,16
35236179707,Amora Pâtes 1kg,Grocery (Dry),2.91,4.63,249
31937159234,Le Petit Marseillais Savon Liquide Lot x2,Hygiene,5.57,7.47,517
35641769535,Volvic Bière Blonde Canette 33cl,Beverages,5.34,6.53,139
39027169495,Panzani Mayonnaise 1kg,Grocery (Dry),2.14,3.16,630
37374419360,Yoplait Mozzarella x4,Dairy,2.36,3.64,22
38166080536,Président Crème Fraîche x4,Dairy,1.26,1.73,28
31619268782,Bonduelle Sauce Tomate 500g,Grocery (Dry),1.27,1.75,443
33711115696,Evian Bière Blonde 1L,Beverages,4.32,6.13,317
34118430002,Volvic Thé Glacé 1L,Beverages,4.87,7.62,254
32521703485,Cristaline Thé Glacé 1L,Beverages,5.51,7.8,235
39561734519,Volvic Bière Blonde Pack 6x33cl,Beverages,4.82,6.57,255
31932002492,Origine Espagne Carottes Sachet,Fresh Produce,1.41,2.32,8
36870972996,L'Oréal Shampoing Lot x2,Hygiene,3.7,4.43,370
36322528927,Nivea Dentifrice Lot x2,Hygiene,6.16,8.27,697
37562273744,Danone Beurre Doux 500g,Dairy,1.64,2.29,23
36943759175,Evian Thé Glacé 1L,Beverages,2.5,3.28,363
39631236682,Lustucru Haricots Verts 500g,Grocery (Dry),1.24,1.54,231
31765944017,Panzani Sauce Tomate Tube,Grocery (Dry),3.32,5.51,636
34834257368,Boulangerie Loc. Pains au Chocolat 500g,Bakery,2.64,3.55,16
36028360621,Amora Riz Basmati Tube,Grocery (Dry),1.01,1.32,270
34341658676,Harrys Croissants x6,Bakery,1.35,2.1,9
36619969386,Galbani Yaourt Nature 1L,Dairy,1.69,2.09,32
38563635979,Priméale Carottes Vrac,Fresh Produce,3.14,4.29,5
35056842032,Lustucru Sauce Tomate 1kg,Grocery (Dry),4.71,5.95,244
32484122496,Danone Yaourt Nature x4,Dairy,1.51,2.41,24
36041760888,Le Petit Marseillais Gel Douche Bio,Hygiene,5.02,6.06,385
32651444895,Nutella Pâtes Tube,Grocery (Dry),3.6,5.44,658
35838045862,Volvic Soda 1.5L,Beverages,5.83,6.97,342
37136892462,Harrys Croissants Nature,Bakery,1.6,1.99,14
38295679929,Carrefour Bio Beurre Doux 1L,Dairy,2.88,3.5,25
31120351799,Oasis Soda 1.5L,Beverages,1.05,1.52,162
36120838418,Carrefour Bio Lait Demi-Ecrémé x8,Dairy,2.0,3.02,38
31327877995,Signal Shampoing Bio,Hygiene,2.9,3.45,514
33291412661,Origine France Salade 1kg,Fresh Produce,3.3,4.3,8
35558140796,Evian Jus d'Orange Canette 33cl,Beverages,1.76,2.11,249
36056100490,Priméale Tomates Sachet,Fresh Produce,1.04,1.3,6
31634309247,Yoplait Lait Demi-Ecrémé 1L,Dairy,1.74,2.25,31
37080868686,Barilla Pâtes 1kg,Grocery (Dry),0.97,1.36,224
32424993344,Colgate Savon Liquide 400ml,Hygiene,5.98,8.35,550
33239269085,Origine France Courgettes 500g,Fresh Produce,1.51,1.94,6
39224757623,Cristaline Jus d'Orange 1L,Beverages,4.18,6.22,154
34547026608,Priméale Bananes 500g,Fresh Produce,2.63,4.22,4
36873861548,Pasquier Pain de Mie x6,Bakery,2.06,3.19,20
37201079685,Galbani Beurre Doux 1L,Dairy,3.19,4.16,33
33518666683,Yoplait Fromage Blanc x8,Dairy,1.24,2.05,31
31707411122,Priméale Courgettes Sachet,Fresh Produce,3.07,3.75,4
32749727727,Priméale Bananes 1kg,Fresh Produce,3.26,4.94,4
34072795089,L'Oréal Dentifrice 250ml,Hygiene,3.56,5.41,380
32252256365,Président Fromage Blanc x4,Dairy,2.96,4.29,23
36427606400,Nutella Moutarde Bocal,Grocery (Dry),3.98,5.15,626
36107570150,Harrys Brioche Tranchée 500g,Bakery,1.09,1.71,21
34382145741,Cristaline Jus d'Orange 1L,Beverages,3.11,4.65,133
32582306556,Origine Espagne Tomates Vrac,Fresh Produce,2.14,3.02,10
36977853668,Dove Savon Liquide Lot x2,Hygiene,5.41,8.79,494
31897570663,Signal Shampoing Lot x2,Hygiene,5.95,7.41,608
35860147761,Origine Espagne Pommes 1kg,Fresh Produce,0.76,1.19,8
37180617493,Origine France Bananes 500g,Fresh Produce,3.23,3.81,4
32719576594,L'Oréal Dentifrice 400ml,Hygiene,5.0,6.6,476
33483980197,Carrefour Bio Beurre Doux 1L,Dairy,2.46,3.19,26
33109092320,Galbani Mozzarella x8,Dairy,1.64,2.33,37
33296730111,Le Petit Marseillais Dentifrice Lot x2,Hygiene,5.6,9.14,615
34042625132,Nivea Shampoing 250ml,Hygiene,5.14,7.74,438
38086019361,Amora Riz Basmati 1kg,Grocery (Dry),0.73,1.2,513
38064170907,Boulangerie Loc. Pain de Mie 500g,Bakery,1.18,1.52,19
35518392242,Boulangerie Loc. Brioche Tranchée Nature,Bakery,1.29,1.97,19
31659941511,Boulangerie Loc. Pain de Mie x6,Bakery,2.24,2.82,11
33793057972,Colgate Shampoing 400ml,Hygiene,4.77,7.86,432
35791755854,Oasis Eau Minérale Canette 33cl,Beverages,6.18,7.51,171
32736307852,Heineken Eau Minérale Canette 33cl,Beverages,1.09,1.8,352
37561320348,Carrefour Bio Yaourt Nature x4,Dairy,1.46,2.27,20
39213394769,Maille Sauce Tomate 1kg,Grocery (Dry),3.89,5.48,374
39100274135,L'Oréal Shampoing 400ml,Hygiene,2.35,3.15,506
31925841112,Colgate Dentifrice 400ml,Hygiene,2.16,2.94,390
37431049104,Yoplait Crème Fraîche 250g,Dairy,2.64,4.24,34
39788640918,Carrefour Bio Fromage Blanc 250g,Dairy,3.43,4.19,38
39341128173,Carrefour Bio Tomates Sachet,Fresh Produce,3.6,4.75,8
39110362849,Barilla Riz Basmati Tube,Grocery (Dry),4.05,5.08,274
39065603090,Barilla Pâtes 500g,Grocery (Dry),2.94,4.81,620
31605578122,Galbani Fromage Blanc 1L,Dairy,1.67,2.23,23
34311001818,Panzani Sauce Tomate 1kg,Grocery (Dry),3.96,5.2,681
32938358560,Signal Déodorant 250ml,Hygiene,5.75,8.99,393
39856985459,Dove Dentifrice Bio,Hygiene,5.85,9.32,386
34816618234,Carrefour Bio Yaourt Nature 250g,Dairy,2.78,3.82,37
33628620487,Galbani Yaourt Nature x8,Dairy,2.52,3.45,29
34940074701,Heineken Soda 1L,Beverages,2.28,3.36,191
32908562232,Carrefour Bio Fromage Blanc x4,Dairy,2.2,3.25,33
34100651966,Carrefour Bio Lait Demi-Ecrémé 1L,Dairy,1.62,2.14,21
33343500027,Boulangerie Loc. Croissants x10,Bakery,2.17,2.65,11
39796590038,Carrefour Bio Lait Demi-Ecrémé 250g,Dairy,2.74,4.03,38
35457701079,Priméale Pommes Sachet,Fresh Produce,2.44,3.31,7
36392409038,Harrys Brioche Tranchée 500g,Bakery,2.29,3.26,14
36295575786,Pasquier Baguette x10,Bakery,1.78,2.71,12
38555610190,Pasquier Brioche Tranchée Complet,Bakery,1.89,2.53,10
34722553343,Priméale Tomates 500g,Fresh Produce,2.84,4.22,5
33473256508,La Boulangère Baguette x10,Bakery,1.09,1.42,17
35355576656,Pasquier Baguette Nature,Bakery,1.45,1.88,18
39963303355,Bonduelle Riz Basmati Tube,Grocery (Dry),2.23,2.64,280
37583560088,Cristaline Thé Glacé Pack 6x33cl,Beverages,1.87,2.22,362
33279408925,Elle & Vire Beurre Doux 500g,Dairy,2.79,3.94,35
33176292893,Panzani Haricots Verts Tube,Grocery (Dry),3.79,4.61,459
38137390584,Oasis Jus d'Orange Canette 33cl,Beverages,4.49,5.81,110
34042777834,Boulangerie Loc. Croissants x10,Bakery,2.35,2.83,13
31500430089,Nivea Savon Liquide Lot x2,Hygiene,2.43,3.93,591
39681016344,Amora Sauce Tomate 500g,Grocery (Dry),2.26,2.75,602
33896254671,Priméale Tomates 500g,Fresh Produce,0.89,1.23,7
37844707917,Bonduelle Sauce Tomate Bocal,Grocery (Dry),2.19,2.65,298
31449021496,Colgate Savon Liquide Lot x2,Hygiene,4.35,6.03,387
35637730216,Origine France Courgettes Sachet,Fresh Produce,0.62,1.03,9
32261700764,Nivea Dentifrice 250ml,Hygiene,5.07,6.96,382
38196818200,Coca Cola Bière Blonde 1.5L,Beverages,0.87,1.12,139
31080597681,La Boulangère Brioche Tranchée 500g,Bakery,1.56,2.28,9
38370572576,Tropicana Thé Glacé 1L,Beverages,5.17,6.57,326
